instance,instance_index,algorithm,seed,objective,runtime_seconds,gap_to_cp,status,timeout_hit,solver_name,log_path,source_summary
Example0,0,ALNS-A,0,0.0,62.9472682220221,-1.0,solved,False,mixed(chuffed+gecode),/Users/gab/Library/Mobile Documents/com~apple~CloudDocs/QuIST/ML/Optimization/Project 2/LNS_scheduling/benchmark_alns/alns_plain/20260227-153053/logs/00_Example0_seed0.log,/Users/gab/Library/Mobile Documents/com~apple~CloudDocs/QuIST/ML/Optimization/Project 2/LNS_scheduling/benchmark_alns/alns_plain/20260227-153053/summary.csv
Example0,0,ALNS-A,1,0.0,80.52526842302177,-1.0,solved,False,mixed(chuffed+gecode),/Users/gab/Library/Mobile Documents/com~apple~CloudDocs/QuIST/ML/Optimization/Project 2/LNS_scheduling/benchmark_alns/alns_plain/20260227-153053/logs/00_Example0_seed1.log,/Users/gab/Library/Mobile Documents/com~apple~CloudDocs/QuIST/ML/Optimization/Project 2/LNS_scheduling/benchmark_alns/alns_plain/20260227-153053/summary.csv
Example0,0,ALNS-A,2,0.0,42.66411626900663,-1.0,solved,False,mixed(chuffed+gecode),/Users/gab/Library/Mobile Documents/com~apple~CloudDocs/QuIST/ML/Optimization/Project 2/LNS_scheduling/benchmark_alns/alns_plain/20260227-153053/logs/00_Example0_seed2.log,/Users/gab/Library/Mobile Documents/com~apple~CloudDocs/QuIST/ML/Optimization/Project 2/LNS_scheduling/benchmark_alns/alns_plain/20260227-153053/summary.csv
Example0,0,ALNS-B,0,0.0,31.119898359989747,-1.0,solved,False,mixed(chuffed+gecode),/Users/gab/Library/Mobile Documents/com~apple~CloudDocs/QuIST/ML/Optimization/Project 2/LNS_scheduling/benchmark_alns/alns_late_phase/20260227-153053/logs/00_Example0_seed0.log,/Users/gab/Library/Mobile Documents/com~apple~CloudDocs/QuIST/ML/Optimization/Project 2/LNS_scheduling/benchmark_alns/alns_late_phase/20260227-153053/summary.csv
Example0,0,ALNS-B,1,0.0,85.77991769401706,-1.0,solved,False,mixed(chuffed+gecode),/Users/gab/Library/Mobile Documents/com~apple~CloudDocs/QuIST/ML/Optimization/Project 2/LNS_scheduling/benchmark_alns/alns_late_phase/20260227-153053/logs/00_Example0_seed1.log,/Users/gab/Library/Mobile Documents/com~apple~CloudDocs/QuIST/ML/Optimization/Project 2/LNS_scheduling/benchmark_alns/alns_late_phase/20260227-153053/summary.csv
Example0,0,ALNS-B,2,0.0,92.13057813097839,-1.0,solved,False,mixed(chuffed+gecode),/Users/gab/Library/Mobile Documents/com~apple~CloudDocs/QuIST/ML/Optimization/Project 2/LNS_scheduling/benchmark_alns/alns_late_phase/20260227-153053/logs/00_Example0_seed2.log,/Users/gab/Library/Mobile Documents/com~apple~CloudDocs/QuIST/ML/Optimization/Project 2/LNS_scheduling/benchmark_alns/alns_late_phase/20260227-153053/summary.csv
Example0,0,CP-SAT,,155.0,1.7788417149859015,0.0,SATISFIED,False,gecode,,/Users/gab/Library/Mobile Documents/com~apple~CloudDocs/QuIST/ML/Optimization/Project 2/LNS_scheduling/benchmark_baseline/baseline_runs_20260227-202226.csv
Example1,1,ALNS-A,0,0.0,111.87024083701544,nan,solved,False,mixed(chuffed+gecode),/Users/gab/Library/Mobile Documents/com~apple~CloudDocs/QuIST/ML/Optimization/Project 2/LNS_scheduling/benchmark_alns/alns_plain/20260227-153053/logs/01_Example1_seed0.log,/Users/gab/Library/Mobile Documents/com~apple~CloudDocs/QuIST/ML/Optimization/Project 2/LNS_scheduling/benchmark_alns/alns_plain/20260227-153053/summary.csv
Example1,1,ALNS-A,1,2.0,180.1567796540039,nan,timeout,True,mixed(chuffed+gecode),/Users/gab/Library/Mobile Documents/com~apple~CloudDocs/QuIST/ML/Optimization/Project 2/LNS_scheduling/benchmark_alns/alns_plain/20260227-153053/logs/01_Example1_seed1.log,/Users/gab/Library/Mobile Documents/com~apple~CloudDocs/QuIST/ML/Optimization/Project 2/LNS_scheduling/benchmark_alns/alns_plain/20260227-153053/summary.csv
Example1,1,ALNS-A,2,0.0,156.07784320999053,nan,solved,False,mixed(chuffed+gecode),/Users/gab/Library/Mobile Documents/com~apple~CloudDocs/QuIST/ML/Optimization/Project 2/LNS_scheduling/benchmark_alns/alns_plain/20260227-153053/logs/01_Example1_seed2.log,/Users/gab/Library/Mobile Documents/com~apple~CloudDocs/QuIST/ML/Optimization/Project 2/LNS_scheduling/benchmark_alns/alns_plain/20260227-153053/summary.csv
Example1,1,ALNS-B,0,0.0,153.93048458499834,nan,solved,False,mixed(chuffed+gecode),/Users/gab/Library/Mobile Documents/com~apple~CloudDocs/QuIST/ML/Optimization/Project 2/LNS_scheduling/benchmark_alns/alns_late_phase/20260227-153053/logs/01_Example1_seed0.log,/Users/gab/Library/Mobile Documents/com~apple~CloudDocs/QuIST/ML/Optimization/Project 2/LNS_scheduling/benchmark_alns/alns_late_phase/20260227-153053/summary.csv
Example1,1,ALNS-B,1,4.0,182.08176049997564,nan,timeout,True,mixed(chuffed+gecode),/Users/gab/Library/Mobile Documents/com~apple~CloudDocs/QuIST/ML/Optimization/Project 2/LNS_scheduling/benchmark_alns/alns_late_phase/20260227-153053/logs/01_Example1_seed1.log,/Users/gab/Library/Mobile Documents/com~apple~CloudDocs/QuIST/ML/Optimization/Project 2/LNS_scheduling/benchmark_alns/alns_late_phase/20260227-153053/summary.csv
Example1,1,ALNS-B,2,3.0,187.5200197820086,nan,timeout,True,mixed(chuffed+gecode),/Users/gab/Library/Mobile Documents/com~apple~CloudDocs/QuIST/ML/Optimization/Project 2/LNS_scheduling/benchmark_alns/alns_late_phase/20260227-153053/logs/01_Example1_seed2.log,/Users/gab/Library/Mobile Documents/com~apple~CloudDocs/QuIST/ML/Optimization/Project 2/LNS_scheduling/benchmark_alns/alns_late_phase/20260227-153053/summary.csv
Example2,2,ALNS-A,0,0.0,88.68003742600558,nan,solved,False,mixed(chuffed+gecode),/Users/gab/Library/Mobile Documents/com~apple~CloudDocs/QuIST/ML/Optimization/Project 2/LNS_scheduling/benchmark_alns/alns_plain/20260227-153053/logs/02_Example2_seed0.log,/Users/gab/Library/Mobile Documents/com~apple~CloudDocs/QuIST/ML/Optimization/Project 2/LNS_scheduling/benchmark_alns/alns_plain/20260227-153053/summary.csv
Example2,2,ALNS-A,1,1.0,180.75237604798167,nan,timeout,True,mixed(chuffed+gecode),/Users/gab/Library/Mobile Documents/com~apple~CloudDocs/QuIST/ML/Optimization/Project 2/LNS_scheduling/benchmark_alns/alns_plain/20260227-153053/logs/02_Example2_seed1.log,/Users/gab/Library/Mobile Documents/com~apple~CloudDocs/QuIST/ML/Optimization/Project 2/LNS_scheduling/benchmark_alns/alns_plain/20260227-153053/summary.csv
Example2,2,ALNS-A,2,0.0,97.22490298099001,nan,solved,False,mixed(chuffed+gecode),/Users/gab/Library/Mobile Documents/com~apple~CloudDocs/QuIST/ML/Optimization/Project 2/LNS_scheduling/benchmark_alns/alns_plain/20260227-153053/logs/02_Example2_seed2.log,/Users/gab/Library/Mobile Documents/com~apple~CloudDocs/QuIST/ML/Optimization/Project 2/LNS_scheduling/benchmark_alns/alns_plain/20260227-153053/summary.csv
Example2,2,ALNS-B,0,0.0,26.06213583101635,nan,solved,False,mixed(chuffed+gecode),/Users/gab/Library/Mobile Documents/com~apple~CloudDocs/QuIST/ML/Optimization/Project 2/LNS_scheduling/benchmark_alns/alns_late_phase/20260227-153053/logs/02_Example2_seed0.log,/Users/gab/Library/Mobile Documents/com~apple~CloudDocs/QuIST/ML/Optimization/Project 2/LNS_scheduling/benchmark_alns/alns_late_phase/20260227-153053/summary.csv
Example2,2,ALNS-B,1,0.0,33.84983048599679,nan,solved,False,mixed(chuffed+gecode),/Users/gab/Library/Mobile Documents/com~apple~CloudDocs/QuIST/ML/Optimization/Project 2/LNS_scheduling/benchmark_alns/alns_late_phase/20260227-153053/logs/02_Example2_seed1.log,/Users/gab/Library/Mobile Documents/com~apple~CloudDocs/QuIST/ML/Optimization/Project 2/LNS_scheduling/benchmark_alns/alns_late_phase/20260227-153053/summary.csv
Example2,2,ALNS-B,2,1.0,182.90498496600776,nan,timeout,True,mixed(chuffed+gecode),/Users/gab/Library/Mobile Documents/com~apple~CloudDocs/QuIST/ML/Optimization/Project 2/LNS_scheduling/benchmark_alns/alns_late_phase/20260227-153053/logs/02_Example2_seed2.log,/Users/gab/Library/Mobile Documents/com~apple~CloudDocs/QuIST/ML/Optimization/Project 2/LNS_scheduling/benchmark_alns/alns_late_phase/20260227-153053/summary.csv
Example3,3,ALNS-A,0,41.0,189.58927043297444,nan,timeout,True,mixed(chuffed+gecode),/Users/gab/Library/Mobile Documents/com~apple~CloudDocs/QuIST/ML/Optimization/Project 2/LNS_scheduling/benchmark_alns/alns_plain/20260227-153053/logs/03_Example3_seed0.log,/Users/gab/Library/Mobile Documents/com~apple~CloudDocs/QuIST/ML/Optimization/Project 2/LNS_scheduling/benchmark_alns/alns_plain/20260227-153053/summary.csv
Example3,3,ALNS-A,1,20.0,183.75276427099016,nan,timeout,True,mixed(chuffed+gecode),/Users/gab/Library/Mobile Documents/com~apple~CloudDocs/QuIST/ML/Optimization/Project 2/LNS_scheduling/benchmark_alns/alns_plain/20260227-153053/logs/03_Example3_seed1.log,/Users/gab/Library/Mobile Documents/com~apple~CloudDocs/QuIST/ML/Optimization/Project 2/LNS_scheduling/benchmark_alns/alns_plain/20260227-153053/summary.csv
Example3,3,ALNS-A,2,14.0,205.57112519198563,nan,timeout,True,mixed(chuffed+gecode),/Users/gab/Library/Mobile Documents/com~apple~CloudDocs/QuIST/ML/Optimization/Project 2/LNS_scheduling/benchmark_alns/alns_plain/20260227-153053/logs/03_Example3_seed2.log,/Users/gab/Library/Mobile Documents/com~apple~CloudDocs/QuIST/ML/Optimization/Project 2/LNS_scheduling/benchmark_alns/alns_plain/20260227-153053/summary.csv
Example3,3,ALNS-B,0,41.0,189.21266257300158,nan,timeout,True,mixed(chuffed+gecode),/Users/gab/Library/Mobile Documents/com~apple~CloudDocs/QuIST/ML/Optimization/Project 2/LNS_scheduling/benchmark_alns/alns_late_phase/20260227-153053/logs/03_Example3_seed0.log,/Users/gab/Library/Mobile Documents/com~apple~CloudDocs/QuIST/ML/Optimization/Project 2/LNS_scheduling/benchmark_alns/alns_late_phase/20260227-153053/summary.csv
Example3,3,ALNS-B,1,25.0,193.85295259198756,nan,timeout,True,mixed(chuffed+gecode),/Users/gab/Library/Mobile Documents/com~apple~CloudDocs/QuIST/ML/Optimization/Project 2/LNS_scheduling/benchmark_alns/alns_late_phase/20260227-153053/logs/03_Example3_seed1.log,/Users/gab/Library/Mobile Documents/com~apple~CloudDocs/QuIST/ML/Optimization/Project 2/LNS_scheduling/benchmark_alns/alns_late_phase/20260227-153053/summary.csv
Example3,3,ALNS-B,2,12.0,223.6857906820078,nan,timeout,True,mixed(chuffed+gecode),/Users/gab/Library/Mobile Documents/com~apple~CloudDocs/QuIST/ML/Optimization/Project 2/LNS_scheduling/benchmark_alns/alns_late_phase/20260227-153053/logs/03_Example3_seed2.log,/Users/gab/Library/Mobile Documents/com~apple~CloudDocs/QuIST/ML/Optimization/Project 2/LNS_scheduling/benchmark_alns/alns_late_phase/20260227-153053/summary.csv
Example4,4,ALNS-A,0,3.0,192.83669532398926,nan,timeout,True,mixed(chuffed+gecode),/Users/gab/Library/Mobile Documents/com~apple~CloudDocs/QuIST/ML/Optimization/Project 2/LNS_scheduling/benchmark_alns/alns_plain/20260227-153053/logs/04_Example4_seed0.log,/Users/gab/Library/Mobile Documents/com~apple~CloudDocs/QuIST/ML/Optimization/Project 2/LNS_scheduling/benchmark_alns/alns_plain/20260227-153053/summary.csv
Example4,4,ALNS-A,1,3.0,189.2380877189862,nan,timeout,True,mixed(chuffed+gecode),/Users/gab/Library/Mobile Documents/com~apple~CloudDocs/QuIST/ML/Optimization/Project 2/LNS_scheduling/benchmark_alns/alns_plain/20260227-153053/logs/04_Example4_seed1.log,/Users/gab/Library/Mobile Documents/com~apple~CloudDocs/QuIST/ML/Optimization/Project 2/LNS_scheduling/benchmark_alns/alns_plain/20260227-153053/summary.csv
Example4,4,ALNS-A,2,1.0,180.70654012900195,nan,timeout,True,mixed(chuffed+gecode),/Users/gab/Library/Mobile Documents/com~apple~CloudDocs/QuIST/ML/Optimization/Project 2/LNS_scheduling/benchmark_alns/alns_plain/20260227-153053/logs/04_Example4_seed2.log,/Users/gab/Library/Mobile Documents/com~apple~CloudDocs/QuIST/ML/Optimization/Project 2/LNS_scheduling/benchmark_alns/alns_plain/20260227-153053/summary.csv
Example4,4,ALNS-B,0,2.0,187.96474787199986,nan,timeout,True,mixed(chuffed+gecode),/Users/gab/Library/Mobile Documents/com~apple~CloudDocs/QuIST/ML/Optimization/Project 2/LNS_scheduling/benchmark_alns/alns_late_phase/20260227-153053/logs/04_Example4_seed0.log,/Users/gab/Library/Mobile Documents/com~apple~CloudDocs/QuIST/ML/Optimization/Project 2/LNS_scheduling/benchmark_alns/alns_late_phase/20260227-153053/summary.csv
Example4,4,ALNS-B,1,4.0,201.17857759899925,nan,timeout,True,mixed(chuffed+gecode),/Users/gab/Library/Mobile Documents/com~apple~CloudDocs/QuIST/ML/Optimization/Project 2/LNS_scheduling/benchmark_alns/alns_late_phase/20260227-153053/logs/04_Example4_seed1.log,/Users/gab/Library/Mobile Documents/com~apple~CloudDocs/QuIST/ML/Optimization/Project 2/LNS_scheduling/benchmark_alns/alns_late_phase/20260227-153053/summary.csv
Example4,4,ALNS-B,2,3.0,208.15014542802237,nan,timeout,True,mixed(chuffed+gecode),/Users/gab/Library/Mobile Documents/com~apple~CloudDocs/QuIST/ML/Optimization/Project 2/LNS_scheduling/benchmark_alns/alns_late_phase/20260227-153053/logs/04_Example4_seed2.log,/Users/gab/Library/Mobile Documents/com~apple~CloudDocs/QuIST/ML/Optimization/Project 2/LNS_scheduling/benchmark_alns/alns_late_phase/20260227-153053/summary.csv
Example5,5,ALNS-A,0,6.0,180.32166220000363,nan,timeout,True,mixed(chuffed+gecode),/Users/gab/Library/Mobile Documents/com~apple~CloudDocs/QuIST/ML/Optimization/Project 2/LNS_scheduling/benchmark_alns/alns_plain/20260227-153053/logs/05_Example5_seed0.log,/Users/gab/Library/Mobile Documents/com~apple~CloudDocs/QuIST/ML/Optimization/Project 2/LNS_scheduling/benchmark_alns/alns_plain/20260227-153053/summary.csv
Example5,5,ALNS-A,1,2.0,181.5178936299926,nan,timeout,True,mixed(chuffed+gecode),/Users/gab/Library/Mobile Documents/com~apple~CloudDocs/QuIST/ML/Optimization/Project 2/LNS_scheduling/benchmark_alns/alns_plain/20260227-153053/logs/05_Example5_seed1.log,/Users/gab/Library/Mobile Documents/com~apple~CloudDocs/QuIST/ML/Optimization/Project 2/LNS_scheduling/benchmark_alns/alns_plain/20260227-153053/summary.csv
Example5,5,ALNS-A,2,6.0,181.62007866200292,nan,timeout,True,mixed(chuffed+gecode),/Users/gab/Library/Mobile Documents/com~apple~CloudDocs/QuIST/ML/Optimization/Project 2/LNS_scheduling/benchmark_alns/alns_plain/20260227-153053/logs/05_Example5_seed2.log,/Users/gab/Library/Mobile Documents/com~apple~CloudDocs/QuIST/ML/Optimization/Project 2/LNS_scheduling/benchmark_alns/alns_plain/20260227-153053/summary.csv
Example5,5,ALNS-B,0,5.0,194.67973082800745,nan,timeout,True,mixed(chuffed+gecode),/Users/gab/Library/Mobile Documents/com~apple~CloudDocs/QuIST/ML/Optimization/Project 2/LNS_scheduling/benchmark_alns/alns_late_phase/20260227-153053/logs/05_Example5_seed0.log,/Users/gab/Library/Mobile Documents/com~apple~CloudDocs/QuIST/ML/Optimization/Project 2/LNS_scheduling/benchmark_alns/alns_late_phase/20260227-153053/summary.csv
Example5,5,ALNS-B,1,3.0,183.09596279199468,nan,timeout,True,mixed(chuffed+gecode),/Users/gab/Library/Mobile Documents/com~apple~CloudDocs/QuIST/ML/Optimization/Project 2/LNS_scheduling/benchmark_alns/alns_late_phase/20260227-153053/logs/05_Example5_seed1.log,/Users/gab/Library/Mobile Documents/com~apple~CloudDocs/QuIST/ML/Optimization/Project 2/LNS_scheduling/benchmark_alns/alns_late_phase/20260227-153053/summary.csv
Example5,5,ALNS-B,2,5.0,185.12607244198443,nan,timeout,True,mixed(chuffed+gecode),/Users/gab/Library/Mobile Documents/com~apple~CloudDocs/QuIST/ML/Optimization/Project 2/LNS_scheduling/benchmark_alns/alns_late_phase/20260227-153053/logs/05_Example5_seed2.log,/Users/gab/Library/Mobile Documents/com~apple~CloudDocs/QuIST/ML/Optimization/Project 2/LNS_scheduling/benchmark_alns/alns_late_phase/20260227-153053/summary.csv
Example6,6,ALNS-A,0,1.0,181.03756762400735,nan,timeout,True,mixed(chuffed+gecode),/Users/gab/Library/Mobile Documents/com~apple~CloudDocs/QuIST/ML/Optimization/Project 2/LNS_scheduling/benchmark_alns/alns_plain/20260227-153053/logs/06_Example6_seed0.log,/Users/gab/Library/Mobile Documents/com~apple~CloudDocs/QuIST/ML/Optimization/Project 2/LNS_scheduling/benchmark_alns/alns_plain/20260227-153053/summary.csv
Example6,6,ALNS-A,1,1.0,189.27735033698264,nan,timeout,True,mixed(chuffed+gecode),/Users/gab/Library/Mobile Documents/com~apple~CloudDocs/QuIST/ML/Optimization/Project 2/LNS_scheduling/benchmark_alns/alns_plain/20260227-153053/logs/06_Example6_seed1.log,/Users/gab/Library/Mobile Documents/com~apple~CloudDocs/QuIST/ML/Optimization/Project 2/LNS_scheduling/benchmark_alns/alns_plain/20260227-153053/summary.csv
Example6,6,ALNS-A,2,0.0,149.79082912000013,nan,solved,False,mixed(chuffed+gecode),/Users/gab/Library/Mobile Documents/com~apple~CloudDocs/QuIST/ML/Optimization/Project 2/LNS_scheduling/benchmark_alns/alns_plain/20260227-153053/logs/06_Example6_seed2.log,/Users/gab/Library/Mobile Documents/com~apple~CloudDocs/QuIST/ML/Optimization/Project 2/LNS_scheduling/benchmark_alns/alns_plain/20260227-153053/summary.csv
Example6,6,ALNS-B,0,4.0,193.9685047280218,nan,timeout,True,mixed(chuffed+gecode),/Users/gab/Library/Mobile Documents/com~apple~CloudDocs/QuIST/ML/Optimization/Project 2/LNS_scheduling/benchmark_alns/alns_late_phase/20260227-153053/logs/06_Example6_seed0.log,/Users/gab/Library/Mobile Documents/com~apple~CloudDocs/QuIST/ML/Optimization/Project 2/LNS_scheduling/benchmark_alns/alns_late_phase/20260227-153053/summary.csv
Example6,6,ALNS-B,1,4.0,180.32515362498816,nan,timeout,True,mixed(chuffed+gecode),/Users/gab/Library/Mobile Documents/com~apple~CloudDocs/QuIST/ML/Optimization/Project 2/LNS_scheduling/benchmark_alns/alns_late_phase/20260227-153053/logs/06_Example6_seed1.log,/Users/gab/Library/Mobile Documents/com~apple~CloudDocs/QuIST/ML/Optimization/Project 2/LNS_scheduling/benchmark_alns/alns_late_phase/20260227-153053/summary.csv
Example6,6,ALNS-B,2,1.0,180.2795391099935,nan,timeout,True,mixed(chuffed+gecode),/Users/gab/Library/Mobile Documents/com~apple~CloudDocs/QuIST/ML/Optimization/Project 2/LNS_scheduling/benchmark_alns/alns_late_phase/20260227-153053/logs/06_Example6_seed2.log,/Users/gab/Library/Mobile Documents/com~apple~CloudDocs/QuIST/ML/Optimization/Project 2/LNS_scheduling/benchmark_alns/alns_late_phase/20260227-153053/summary.csv
Example7,7,ALNS-A,0,82.0,221.0800259099924,nan,timeout,True,mixed(chuffed+gecode),/Users/gab/Library/Mobile Documents/com~apple~CloudDocs/QuIST/ML/Optimization/Project 2/LNS_scheduling/benchmark_alns/alns_plain/20260227-153053/logs/07_Example7_seed0.log,/Users/gab/Library/Mobile Documents/com~apple~CloudDocs/QuIST/ML/Optimization/Project 2/LNS_scheduling/benchmark_alns/alns_plain/20260227-153053/summary.csv
Example7,7,ALNS-A,1,136.0,181.13650879100896,nan,timeout,True,mixed(chuffed+gecode),/Users/gab/Library/Mobile Documents/com~apple~CloudDocs/QuIST/ML/Optimization/Project 2/LNS_scheduling/benchmark_alns/alns_plain/20260227-153053/logs/07_Example7_seed1.log,/Users/gab/Library/Mobile Documents/com~apple~CloudDocs/QuIST/ML/Optimization/Project 2/LNS_scheduling/benchmark_alns/alns_plain/20260227-153053/summary.csv
Example7,7,ALNS-A,2,83.0,182.09254848200362,nan,timeout,True,mixed(chuffed+gecode),/Users/gab/Library/Mobile Documents/com~apple~CloudDocs/QuIST/ML/Optimization/Project 2/LNS_scheduling/benchmark_alns/alns_plain/20260227-153053/logs/07_Example7_seed2.log,/Users/gab/Library/Mobile Documents/com~apple~CloudDocs/QuIST/ML/Optimization/Project 2/LNS_scheduling/benchmark_alns/alns_plain/20260227-153053/summary.csv
Example7,7,ALNS-B,0,83.0,229.10973248397931,nan,timeout,True,mixed(chuffed+gecode),/Users/gab/Library/Mobile Documents/com~apple~CloudDocs/QuIST/ML/Optimization/Project 2/LNS_scheduling/benchmark_alns/alns_late_phase/20260227-153053/logs/07_Example7_seed0.log,/Users/gab/Library/Mobile Documents/com~apple~CloudDocs/QuIST/ML/Optimization/Project 2/LNS_scheduling/benchmark_alns/alns_late_phase/20260227-153053/summary.csv
Example7,7,ALNS-B,1,202.0,193.49493977200473,nan,timeout,True,mixed(chuffed+gecode),/Users/gab/Library/Mobile Documents/com~apple~CloudDocs/QuIST/ML/Optimization/Project 2/LNS_scheduling/benchmark_alns/alns_late_phase/20260227-153053/logs/07_Example7_seed1.log,/Users/gab/Library/Mobile Documents/com~apple~CloudDocs/QuIST/ML/Optimization/Project 2/LNS_scheduling/benchmark_alns/alns_late_phase/20260227-153053/summary.csv
Example7,7,ALNS-B,2,86.0,182.35457706000307,nan,timeout,True,mixed(chuffed+gecode),/Users/gab/Library/Mobile Documents/com~apple~CloudDocs/QuIST/ML/Optimization/Project 2/LNS_scheduling/benchmark_alns/alns_late_phase/20260227-153053/logs/07_Example7_seed2.log,/Users/gab/Library/Mobile Documents/com~apple~CloudDocs/QuIST/ML/Optimization/Project 2/LNS_scheduling/benchmark_alns/alns_late_phase/20260227-153053/summary.csv
Example8,8,ALNS-A,0,9.0,181.75657939800294,nan,timeout,True,mixed(chuffed+gecode),/Users/gab/Library/Mobile Documents/com~apple~CloudDocs/QuIST/ML/Optimization/Project 2/LNS_scheduling/benchmark_alns/alns_plain/20260227-153053/logs/08_Example8_seed0.log,/Users/gab/Library/Mobile Documents/com~apple~CloudDocs/QuIST/ML/Optimization/Project 2/LNS_scheduling/benchmark_alns/alns_plain/20260227-153053/summary.csv
Example8,8,ALNS-A,1,22.0,181.3928225330019,nan,timeout,True,mixed(chuffed+gecode),/Users/gab/Library/Mobile Documents/com~apple~CloudDocs/QuIST/ML/Optimization/Project 2/LNS_scheduling/benchmark_alns/alns_plain/20260227-153053/logs/08_Example8_seed1.log,/Users/gab/Library/Mobile Documents/com~apple~CloudDocs/QuIST/ML/Optimization/Project 2/LNS_scheduling/benchmark_alns/alns_plain/20260227-153053/summary.csv
Example8,8,ALNS-A,2,6.0,188.34497110798839,nan,timeout,True,mixed(chuffed+gecode),/Users/gab/Library/Mobile Documents/com~apple~CloudDocs/QuIST/ML/Optimization/Project 2/LNS_scheduling/benchmark_alns/alns_plain/20260227-153053/logs/08_Example8_seed2.log,/Users/gab/Library/Mobile Documents/com~apple~CloudDocs/QuIST/ML/Optimization/Project 2/LNS_scheduling/benchmark_alns/alns_plain/20260227-153053/summary.csv
Example8,8,ALNS-B,0,2.0,181.21165430001565,nan,timeout,True,mixed(chuffed+gecode),/Users/gab/Library/Mobile Documents/com~apple~CloudDocs/QuIST/ML/Optimization/Project 2/LNS_scheduling/benchmark_alns/alns_late_phase/20260227-153053/logs/08_Example8_seed0.log,/Users/gab/Library/Mobile Documents/com~apple~CloudDocs/QuIST/ML/Optimization/Project 2/LNS_scheduling/benchmark_alns/alns_late_phase/20260227-153053/summary.csv
Example8,8,ALNS-B,1,7.0,254.24728211501497,nan,timeout,True,mixed(chuffed+gecode),/Users/gab/Library/Mobile Documents/com~apple~CloudDocs/QuIST/ML/Optimization/Project 2/LNS_scheduling/benchmark_alns/alns_late_phase/20260227-153053/logs/08_Example8_seed1.log,/Users/gab/Library/Mobile Documents/com~apple~CloudDocs/QuIST/ML/Optimization/Project 2/LNS_scheduling/benchmark_alns/alns_late_phase/20260227-153053/summary.csv
Example8,8,ALNS-B,2,10.0,272.7668426889868,nan,timeout,True,mixed(chuffed+gecode),/Users/gab/Library/Mobile Documents/com~apple~CloudDocs/QuIST/ML/Optimization/Project 2/LNS_scheduling/benchmark_alns/alns_late_phase/20260227-153053/logs/08_Example8_seed2.log,/Users/gab/Library/Mobile Documents/com~apple~CloudDocs/QuIST/ML/Optimization/Project 2/LNS_scheduling/benchmark_alns/alns_late_phase/20260227-153053/summary.csv
Example9,9,ALNS-A,0,155.0,230.49531251200824,nan,timeout,True,mixed(chuffed+gecode),/Users/gab/Library/Mobile Documents/com~apple~CloudDocs/QuIST/ML/Optimization/Project 2/LNS_scheduling/benchmark_alns/alns_plain/20260227-153053/logs/09_Example9_seed0.log,/Users/gab/Library/Mobile Documents/com~apple~CloudDocs/QuIST/ML/Optimization/Project 2/LNS_scheduling/benchmark_alns/alns_plain/20260227-153053/summary.csv
Example9,9,ALNS-A,1,115.0,195.29825029202038,nan,timeout,True,mixed(chuffed+gecode),/Users/gab/Library/Mobile Documents/com~apple~CloudDocs/QuIST/ML/Optimization/Project 2/LNS_scheduling/benchmark_alns/alns_plain/20260227-153053/logs/09_Example9_seed1.log,/Users/gab/Library/Mobile Documents/com~apple~CloudDocs/QuIST/ML/Optimization/Project 2/LNS_scheduling/benchmark_alns/alns_plain/20260227-153053/summary.csv
Example9,9,ALNS-A,2,90.0,193.27836533699883,nan,timeout,True,mixed(chuffed+gecode),/Users/gab/Library/Mobile Documents/com~apple~CloudDocs/QuIST/ML/Optimization/Project 2/LNS_scheduling/benchmark_alns/alns_plain/20260227-153053/logs/09_Example9_seed2.log,/Users/gab/Library/Mobile Documents/com~apple~CloudDocs/QuIST/ML/Optimization/Project 2/LNS_scheduling/benchmark_alns/alns_plain/20260227-153053/summary.csv
Example9,9,ALNS-B,0,156.0,180.92830859700916,nan,timeout,True,mixed(chuffed+gecode),/Users/gab/Library/Mobile Documents/com~apple~CloudDocs/QuIST/ML/Optimization/Project 2/LNS_scheduling/benchmark_alns/alns_late_phase/20260227-153053/logs/09_Example9_seed0.log,/Users/gab/Library/Mobile Documents/com~apple~CloudDocs/QuIST/ML/Optimization/Project 2/LNS_scheduling/benchmark_alns/alns_late_phase/20260227-153053/summary.csv
Example9,9,ALNS-B,1,119.0,210.6009706360055,nan,timeout,True,mixed(chuffed+gecode),/Users/gab/Library/Mobile Documents/com~apple~CloudDocs/QuIST/ML/Optimization/Project 2/LNS_scheduling/benchmark_alns/alns_late_phase/20260227-153053/logs/09_Example9_seed1.log,/Users/gab/Library/Mobile Documents/com~apple~CloudDocs/QuIST/ML/Optimization/Project 2/LNS_scheduling/benchmark_alns/alns_late_phase/20260227-153053/summary.csv
Example9,9,ALNS-B,2,106.0,193.9924041389895,nan,timeout,True,mixed(chuffed+gecode),/Users/gab/Library/Mobile Documents/com~apple~CloudDocs/QuIST/ML/Optimization/Project 2/LNS_scheduling/benchmark_alns/alns_late_phase/20260227-153053/logs/09_Example9_seed2.log,/Users/gab/Library/Mobile Documents/com~apple~CloudDocs/QuIST/ML/Optimization/Project 2/LNS_scheduling/benchmark_alns/alns_late_phase/20260227-153053/summary.csv
Example10,10,ALNS-A,0,68.0,189.48068035198958,nan,timeout,True,mixed(chuffed+gecode),/Users/gab/Library/Mobile Documents/com~apple~CloudDocs/QuIST/ML/Optimization/Project 2/LNS_scheduling/benchmark_alns/alns_plain/20260227-153053/logs/10_Example10_seed0.log,/Users/gab/Library/Mobile Documents/com~apple~CloudDocs/QuIST/ML/Optimization/Project 2/LNS_scheduling/benchmark_alns/alns_plain/20260227-153053/summary.csv
Example10,10,ALNS-A,1,51.0,189.0071595070185,nan,timeout,True,mixed(chuffed+gecode),/Users/gab/Library/Mobile Documents/com~apple~CloudDocs/QuIST/ML/Optimization/Project 2/LNS_scheduling/benchmark_alns/alns_plain/20260227-153053/logs/10_Example10_seed1.log,/Users/gab/Library/Mobile Documents/com~apple~CloudDocs/QuIST/ML/Optimization/Project 2/LNS_scheduling/benchmark_alns/alns_plain/20260227-153053/summary.csv
Example10,10,ALNS-A,2,27.0,219.1354695740156,nan,timeout,True,mixed(chuffed+gecode),/Users/gab/Library/Mobile Documents/com~apple~CloudDocs/QuIST/ML/Optimization/Project 2/LNS_scheduling/benchmark_alns/alns_plain/20260227-153053/logs/10_Example10_seed2.log,/Users/gab/Library/Mobile Documents/com~apple~CloudDocs/QuIST/ML/Optimization/Project 2/LNS_scheduling/benchmark_alns/alns_plain/20260227-153053/summary.csv
Example10,10,ALNS-B,0,119.0,186.11258507400635,nan,timeout,True,mixed(chuffed+gecode),/Users/gab/Library/Mobile Documents/com~apple~CloudDocs/QuIST/ML/Optimization/Project 2/LNS_scheduling/benchmark_alns/alns_late_phase/20260227-153053/logs/10_Example10_seed0.log,/Users/gab/Library/Mobile Documents/com~apple~CloudDocs/QuIST/ML/Optimization/Project 2/LNS_scheduling/benchmark_alns/alns_late_phase/20260227-153053/summary.csv
Example10,10,ALNS-B,1,94.0,194.11817140699713,nan,timeout,True,mixed(chuffed+gecode),/Users/gab/Library/Mobile Documents/com~apple~CloudDocs/QuIST/ML/Optimization/Project 2/LNS_scheduling/benchmark_alns/alns_late_phase/20260227-153053/logs/10_Example10_seed1.log,/Users/gab/Library/Mobile Documents/com~apple~CloudDocs/QuIST/ML/Optimization/Project 2/LNS_scheduling/benchmark_alns/alns_late_phase/20260227-153053/summary.csv
Example10,10,ALNS-B,2,27.0,219.78002354700584,nan,timeout,True,mixed(chuffed+gecode),/Users/gab/Library/Mobile Documents/com~apple~CloudDocs/QuIST/ML/Optimization/Project 2/LNS_scheduling/benchmark_alns/alns_late_phase/20260227-153053/logs/10_Example10_seed2.log,/Users/gab/Library/Mobile Documents/com~apple~CloudDocs/QuIST/ML/Optimization/Project 2/LNS_scheduling/benchmark_alns/alns_late_phase/20260227-153053/summary.csv
Example11,11,ALNS-A,0,49.0,186.216717814008,nan,timeout,True,mixed(chuffed+gecode),/Users/gab/Library/Mobile Documents/com~apple~CloudDocs/QuIST/ML/Optimization/Project 2/LNS_scheduling/benchmark_alns/alns_plain/20260227-153053/logs/11_Example11_seed0.log,/Users/gab/Library/Mobile Documents/com~apple~CloudDocs/QuIST/ML/Optimization/Project 2/LNS_scheduling/benchmark_alns/alns_plain/20260227-153053/summary.csv
Example11,11,ALNS-A,1,54.0,195.49144047201844,nan,timeout,True,mixed(chuffed+gecode),/Users/gab/Library/Mobile Documents/com~apple~CloudDocs/QuIST/ML/Optimization/Project 2/LNS_scheduling/benchmark_alns/alns_plain/20260227-153053/logs/11_Example11_seed1.log,/Users/gab/Library/Mobile Documents/com~apple~CloudDocs/QuIST/ML/Optimization/Project 2/LNS_scheduling/benchmark_alns/alns_plain/20260227-153053/summary.csv
Example11,11,ALNS-A,2,34.0,212.7319106879877,nan,timeout,True,mixed(chuffed+gecode),/Users/gab/Library/Mobile Documents/com~apple~CloudDocs/QuIST/ML/Optimization/Project 2/LNS_scheduling/benchmark_alns/alns_plain/20260227-153053/logs/11_Example11_seed2.log,/Users/gab/Library/Mobile Documents/com~apple~CloudDocs/QuIST/ML/Optimization/Project 2/LNS_scheduling/benchmark_alns/alns_plain/20260227-153053/summary.csv
Example11,11,ALNS-B,0,54.0,180.86842075400637,nan,timeout,True,mixed(chuffed+gecode),/Users/gab/Library/Mobile Documents/com~apple~CloudDocs/QuIST/ML/Optimization/Project 2/LNS_scheduling/benchmark_alns/alns_late_phase/20260227-153053/logs/11_Example11_seed0.log,/Users/gab/Library/Mobile Documents/com~apple~CloudDocs/QuIST/ML/Optimization/Project 2/LNS_scheduling/benchmark_alns/alns_late_phase/20260227-153053/summary.csv
Example11,11,ALNS-B,1,54.0,197.08414160698885,nan,timeout,True,mixed(chuffed+gecode),/Users/gab/Library/Mobile Documents/com~apple~CloudDocs/QuIST/ML/Optimization/Project 2/LNS_scheduling/benchmark_alns/alns_late_phase/20260227-153053/logs/11_Example11_seed1.log,/Users/gab/Library/Mobile Documents/com~apple~CloudDocs/QuIST/ML/Optimization/Project 2/LNS_scheduling/benchmark_alns/alns_late_phase/20260227-153053/summary.csv
Example11,11,ALNS-B,2,34.0,214.3890155229892,nan,timeout,True,mixed(chuffed+gecode),/Users/gab/Library/Mobile Documents/com~apple~CloudDocs/QuIST/ML/Optimization/Project 2/LNS_scheduling/benchmark_alns/alns_late_phase/20260227-153053/logs/11_Example11_seed2.log,/Users/gab/Library/Mobile Documents/com~apple~CloudDocs/QuIST/ML/Optimization/Project 2/LNS_scheduling/benchmark_alns/alns_late_phase/20260227-153053/summary.csv
Example12,12,ALNS-A,0,33.0,228.58568508000462,nan,timeout,True,mixed(chuffed+gecode),/Users/gab/Library/Mobile Documents/com~apple~CloudDocs/QuIST/ML/Optimization/Project 2/LNS_scheduling/benchmark_alns/alns_plain/20260227-153053/logs/12_Example12_seed0.log,/Users/gab/Library/Mobile Documents/com~apple~CloudDocs/QuIST/ML/Optimization/Project 2/LNS_scheduling/benchmark_alns/alns_plain/20260227-153053/summary.csv
Example12,12,ALNS-A,1,12.0,182.65940102998866,nan,timeout,True,mixed(chuffed+gecode),/Users/gab/Library/Mobile Documents/com~apple~CloudDocs/QuIST/ML/Optimization/Project 2/LNS_scheduling/benchmark_alns/alns_plain/20260227-153053/logs/12_Example12_seed1.log,/Users/gab/Library/Mobile Documents/com~apple~CloudDocs/QuIST/ML/Optimization/Project 2/LNS_scheduling/benchmark_alns/alns_plain/20260227-153053/summary.csv
Example12,12,ALNS-A,2,39.0,181.1157913839852,nan,timeout,True,mixed(chuffed+gecode),/Users/gab/Library/Mobile Documents/com~apple~CloudDocs/QuIST/ML/Optimization/Project 2/LNS_scheduling/benchmark_alns/alns_plain/20260227-153053/logs/12_Example12_seed2.log,/Users/gab/Library/Mobile Documents/com~apple~CloudDocs/QuIST/ML/Optimization/Project 2/LNS_scheduling/benchmark_alns/alns_plain/20260227-153053/summary.csv
Example12,12,ALNS-B,0,24.0,181.36257343299803,nan,timeout,True,mixed(chuffed+gecode),/Users/gab/Library/Mobile Documents/com~apple~CloudDocs/QuIST/ML/Optimization/Project 2/LNS_scheduling/benchmark_alns/alns_late_phase/20260227-153053/logs/12_Example12_seed0.log,/Users/gab/Library/Mobile Documents/com~apple~CloudDocs/QuIST/ML/Optimization/Project 2/LNS_scheduling/benchmark_alns/alns_late_phase/20260227-153053/summary.csv
Example12,12,ALNS-B,1,8.0,207.1935216510028,nan,timeout,True,mixed(chuffed+gecode),/Users/gab/Library/Mobile Documents/com~apple~CloudDocs/QuIST/ML/Optimization/Project 2/LNS_scheduling/benchmark_alns/alns_late_phase/20260227-153053/logs/12_Example12_seed1.log,/Users/gab/Library/Mobile Documents/com~apple~CloudDocs/QuIST/ML/Optimization/Project 2/LNS_scheduling/benchmark_alns/alns_late_phase/20260227-153053/summary.csv
Example12,12,ALNS-B,2,44.0,184.92398589799996,nan,timeout,True,mixed(chuffed+gecode),/Users/gab/Library/Mobile Documents/com~apple~CloudDocs/QuIST/ML/Optimization/Project 2/LNS_scheduling/benchmark_alns/alns_late_phase/20260227-153053/logs/12_Example12_seed2.log,/Users/gab/Library/Mobile Documents/com~apple~CloudDocs/QuIST/ML/Optimization/Project 2/LNS_scheduling/benchmark_alns/alns_late_phase/20260227-153053/summary.csv
Example13,13,ALNS-A,0,27.0,207.9380505909794,nan,timeout,True,mixed(chuffed+gecode),/Users/gab/Library/Mobile Documents/com~apple~CloudDocs/QuIST/ML/Optimization/Project 2/LNS_scheduling/benchmark_alns/alns_plain/20260227-153053/logs/13_Example13_seed0.log,/Users/gab/Library/Mobile Documents/com~apple~CloudDocs/QuIST/ML/Optimization/Project 2/LNS_scheduling/benchmark_alns/alns_plain/20260227-153053/summary.csv
Example13,13,ALNS-A,1,40.0,207.2053471590043,nan,timeout,True,mixed(chuffed+gecode),/Users/gab/Library/Mobile Documents/com~apple~CloudDocs/QuIST/ML/Optimization/Project 2/LNS_scheduling/benchmark_alns/alns_plain/20260227-153053/logs/13_Example13_seed1.log,/Users/gab/Library/Mobile Documents/com~apple~CloudDocs/QuIST/ML/Optimization/Project 2/LNS_scheduling/benchmark_alns/alns_plain/20260227-153053/summary.csv
Example13,13,ALNS-A,2,23.0,196.27203761099372,nan,timeout,True,mixed(chuffed+gecode),/Users/gab/Library/Mobile Documents/com~apple~CloudDocs/QuIST/ML/Optimization/Project 2/LNS_scheduling/benchmark_alns/alns_plain/20260227-153053/logs/13_Example13_seed2.log,/Users/gab/Library/Mobile Documents/com~apple~CloudDocs/QuIST/ML/Optimization/Project 2/LNS_scheduling/benchmark_alns/alns_plain/20260227-153053/summary.csv
Example13,13,ALNS-B,0,27.0,208.26167330998578,nan,timeout,True,mixed(chuffed+gecode),/Users/gab/Library/Mobile Documents/com~apple~CloudDocs/QuIST/ML/Optimization/Project 2/LNS_scheduling/benchmark_alns/alns_late_phase/20260227-153053/logs/13_Example13_seed0.log,/Users/gab/Library/Mobile Documents/com~apple~CloudDocs/QuIST/ML/Optimization/Project 2/LNS_scheduling/benchmark_alns/alns_late_phase/20260227-153053/summary.csv
Example13,13,ALNS-B,1,39.0,197.57264443597523,nan,timeout,True,mixed(chuffed+gecode),/Users/gab/Library/Mobile Documents/com~apple~CloudDocs/QuIST/ML/Optimization/Project 2/LNS_scheduling/benchmark_alns/alns_late_phase/20260227-153053/logs/13_Example13_seed1.log,/Users/gab/Library/Mobile Documents/com~apple~CloudDocs/QuIST/ML/Optimization/Project 2/LNS_scheduling/benchmark_alns/alns_late_phase/20260227-153053/summary.csv
Example13,13,ALNS-B,2,23.0,198.8122908679943,nan,timeout,True,mixed(chuffed+gecode),/Users/gab/Library/Mobile Documents/com~apple~CloudDocs/QuIST/ML/Optimization/Project 2/LNS_scheduling/benchmark_alns/alns_late_phase/20260227-153053/logs/13_Example13_seed2.log,/Users/gab/Library/Mobile Documents/com~apple~CloudDocs/QuIST/ML/Optimization/Project 2/LNS_scheduling/benchmark_alns/alns_late_phase/20260227-153053/summary.csv
Example14,14,ALNS-A,0,20.0,210.91938016799395,nan,timeout,True,mixed(chuffed+gecode),/Users/gab/Library/Mobile Documents/com~apple~CloudDocs/QuIST/ML/Optimization/Project 2/LNS_scheduling/benchmark_alns/alns_plain/20260227-153053/logs/14_Example14_seed0.log,/Users/gab/Library/Mobile Documents/com~apple~CloudDocs/QuIST/ML/Optimization/Project 2/LNS_scheduling/benchmark_alns/alns_plain/20260227-153053/summary.csv
Example14,14,ALNS-A,1,6.0,181.01830558199435,nan,timeout,True,mixed(chuffed+gecode),/Users/gab/Library/Mobile Documents/com~apple~CloudDocs/QuIST/ML/Optimization/Project 2/LNS_scheduling/benchmark_alns/alns_plain/20260227-153053/logs/14_Example14_seed1.log,/Users/gab/Library/Mobile Documents/com~apple~CloudDocs/QuIST/ML/Optimization/Project 2/LNS_scheduling/benchmark_alns/alns_plain/20260227-153053/summary.csv
Example14,14,ALNS-A,2,5.0,194.12453397302306,nan,timeout,True,mixed(chuffed+gecode),/Users/gab/Library/Mobile Documents/com~apple~CloudDocs/QuIST/ML/Optimization/Project 2/LNS_scheduling/benchmark_alns/alns_plain/20260227-153053/logs/14_Example14_seed2.log,/Users/gab/Library/Mobile Documents/com~apple~CloudDocs/QuIST/ML/Optimization/Project 2/LNS_scheduling/benchmark_alns/alns_plain/20260227-153053/summary.csv
Example14,14,ALNS-B,0,7.0,228.7699767840095,nan,timeout,True,mixed(chuffed+gecode),/Users/gab/Library/Mobile Documents/com~apple~CloudDocs/QuIST/ML/Optimization/Project 2/LNS_scheduling/benchmark_alns/alns_late_phase/20260227-153053/logs/14_Example14_seed0.log,/Users/gab/Library/Mobile Documents/com~apple~CloudDocs/QuIST/ML/Optimization/Project 2/LNS_scheduling/benchmark_alns/alns_late_phase/20260227-153053/summary.csv
Example14,14,ALNS-B,1,5.0,180.41303229800542,nan,timeout,True,mixed(chuffed+gecode),/Users/gab/Library/Mobile Documents/com~apple~CloudDocs/QuIST/ML/Optimization/Project 2/LNS_scheduling/benchmark_alns/alns_late_phase/20260227-153053/logs/14_Example14_seed1.log,/Users/gab/Library/Mobile Documents/com~apple~CloudDocs/QuIST/ML/Optimization/Project 2/LNS_scheduling/benchmark_alns/alns_late_phase/20260227-153053/summary.csv
Example14,14,ALNS-B,2,2.0,183.99477790400852,nan,timeout,True,mixed(chuffed+gecode),/Users/gab/Library/Mobile Documents/com~apple~CloudDocs/QuIST/ML/Optimization/Project 2/LNS_scheduling/benchmark_alns/alns_late_phase/20260227-153053/logs/14_Example14_seed2.log,/Users/gab/Library/Mobile Documents/com~apple~CloudDocs/QuIST/ML/Optimization/Project 2/LNS_scheduling/benchmark_alns/alns_late_phase/20260227-153053/summary.csv
