algorithm,instance,instance_index,seed,operator_type,selection_entropy
ALNS-A,Example0,0,0,destroy,1.7114595390126945
ALNS-A,Example0,0,0,repair,1.3080516908361997
ALNS-A,Example0,0,1,destroy,1.739962829930836
ALNS-A,Example0,0,1,repair,1.5128595981644448
ALNS-A,Example0,0,2,destroy,1.8065071652616695
ALNS-A,Example0,0,2,repair,1.3229495110045284
ALNS-A,Example1,1,0,destroy,1.9614958683391663
ALNS-A,Example1,1,0,repair,1.189133504692018
ALNS-A,Example1,1,1,destroy,1.846332882392174
ALNS-A,Example1,1,1,repair,1.524714630630886
ALNS-A,Example1,1,2,destroy,2.0829184139866643
ALNS-A,Example1,1,2,repair,1.3867097572468305
ALNS-A,Example2,2,0,destroy,2.036873402300719
ALNS-A,Example2,2,0,repair,1.47673701753236
ALNS-A,Example2,2,1,destroy,1.7407097578041566
ALNS-A,Example2,2,1,repair,1.4724107718870583
ALNS-A,Example2,2,2,destroy,1.9594911982424488
ALNS-A,Example2,2,2,repair,1.554566313468821
ALNS-A,Example3,3,0,destroy,1.7478680974667575
ALNS-A,Example3,3,0,repair,1.5317780787913653
ALNS-A,Example3,3,1,destroy,1.6466573524002603
ALNS-A,Example3,3,1,repair,1.2281058514681364
ALNS-A,Example3,3,2,destroy,1.7519843649838942
ALNS-A,Example3,3,2,repair,1.2621405587380952
ALNS-A,Example4,4,0,destroy,1.9409698373583208
ALNS-A,Example4,4,0,repair,1.445988949033869
ALNS-A,Example4,4,1,destroy,2.1265495208607645
ALNS-A,Example4,4,1,repair,1.4750485067385986
ALNS-A,Example4,4,2,destroy,1.988654467220019
ALNS-A,Example4,4,2,repair,1.318626778981968
ALNS-A,Example5,5,0,destroy,1.4461951873626668
ALNS-A,Example5,5,0,repair,1.1836846396401632
ALNS-A,Example5,5,1,destroy,2.0813935320493298
ALNS-A,Example5,5,1,repair,1.363677754200493
ALNS-A,Example5,5,2,destroy,2.0100401641589474
ALNS-A,Example5,5,2,repair,1.2280767289113275
ALNS-A,Example6,6,0,destroy,1.8166021873648242
ALNS-A,Example6,6,0,repair,1.5826241060067976
ALNS-A,Example6,6,1,destroy,1.9456348954116105
ALNS-A,Example6,6,1,repair,1.5340376614418012
ALNS-A,Example6,6,2,destroy,2.266794128018204
ALNS-A,Example6,6,2,repair,1.4730972946967673
ALNS-A,Example7,7,0,destroy,1.7311740304839938
ALNS-A,Example7,7,0,repair,1.3209711040904644
ALNS-A,Example7,7,1,destroy,1.4171055061337046
ALNS-A,Example7,7,1,repair,0.7400116657311008
ALNS-A,Example7,7,2,destroy,1.7105242395186566
ALNS-A,Example7,7,2,repair,1.3208883431493221
ALNS-A,Example8,8,0,destroy,1.6983377994988864
ALNS-A,Example8,8,0,repair,1.3853603777875552
ALNS-A,Example8,8,1,destroy,1.874083274379997
ALNS-A,Example8,8,1,repair,1.2621430742476507
ALNS-A,Example8,8,2,destroy,1.965422681961884
ALNS-A,Example8,8,2,repair,1.502289696602361
ALNS-A,Example9,9,0,destroy,1.4328258084686258
ALNS-A,Example9,9,0,repair,1.2736474290365023
ALNS-A,Example9,9,1,destroy,1.4546247143256044
ALNS-A,Example9,9,1,repair,1.397991702060472
ALNS-A,Example9,9,2,destroy,2.0837660374856477
ALNS-A,Example9,9,2,repair,1.194453006323357
ALNS-A,Example10,10,0,destroy,1.2918172475583347
ALNS-A,Example10,10,0,repair,1.279110062953209
ALNS-A,Example10,10,1,destroy,1.7374133160638978
ALNS-A,Example10,10,1,repair,1.1634442549909352
ALNS-A,Example10,10,2,destroy,2.095409618702327
ALNS-A,Example10,10,2,repair,1.291209434290213
ALNS-A,Example11,11,0,destroy,2.046348335893071
ALNS-A,Example11,11,0,repair,1.3234757448921362
ALNS-A,Example11,11,1,destroy,2.2051551011994586
ALNS-A,Example11,11,1,repair,1.357140143848188
ALNS-A,Example11,11,2,destroy,1.8167055106888137
ALNS-A,Example11,11,2,repair,1.3391071172869515
ALNS-A,Example12,12,0,destroy,2.028783390586009
ALNS-A,Example12,12,0,repair,1.36680601141227
ALNS-A,Example12,12,1,destroy,1.9216593114463447
ALNS-A,Example12,12,1,repair,1.0821955300387673
ALNS-A,Example12,12,2,destroy,1.9675608336737633
ALNS-A,Example12,12,2,repair,1.1978383474029828
ALNS-A,Example13,13,0,destroy,1.703161782246058
ALNS-A,Example13,13,0,repair,1.343752133066827
ALNS-A,Example13,13,1,destroy,2.0397125559135922
ALNS-A,Example13,13,1,repair,1.4088131112702587
ALNS-A,Example13,13,2,destroy,1.9384650060354542
ALNS-A,Example13,13,2,repair,1.23478375688007
ALNS-A,Example14,14,0,destroy,1.7946534830291645
ALNS-A,Example14,14,0,repair,1.4556568582704268
ALNS-A,Example14,14,1,destroy,2.1663861758987952
ALNS-A,Example14,14,1,repair,1.3917051968480465
ALNS-A,Example14,14,2,destroy,1.7241186017462327
ALNS-A,Example14,14,2,repair,1.2579120402179815
ALNS-B,Example0,0,0,destroy,1.8668719832754885
ALNS-B,Example0,0,0,repair,1.5301603847654748
ALNS-B,Example0,0,1,destroy,2.141356010877763
ALNS-B,Example0,0,1,repair,1.485242440295476
ALNS-B,Example0,0,2,destroy,2.030332772615639
ALNS-B,Example0,0,2,repair,1.50271679677443
ALNS-B,Example1,1,0,destroy,2.1282637102721544
ALNS-B,Example1,1,0,repair,1.3564402752905689
ALNS-B,Example1,1,1,destroy,2.0108620244673188
ALNS-B,Example1,1,1,repair,1.5165637513483108
ALNS-B,Example1,1,2,destroy,2.152958981701122
ALNS-B,Example1,1,2,repair,1.5255524537365364
ALNS-B,Example2,2,0,destroy,1.7478680974667573
ALNS-B,Example2,2,0,repair,1.0789922078775833
ALNS-B,Example2,2,1,destroy,1.7481554572476758
ALNS-B,Example2,2,1,repair,1.1187433359857524
ALNS-B,Example2,2,2,destroy,2.1934941599082194
ALNS-B,Example2,2,2,repair,1.4746978977247078
ALNS-B,Example3,3,0,destroy,1.7478680974667575
ALNS-B,Example3,3,0,repair,1.5317780787913653
ALNS-B,Example3,3,1,destroy,1.8407487285692812
ALNS-B,Example3,3,1,repair,1.4226300262075475
ALNS-B,Example3,3,2,destroy,2.282653517541815
ALNS-B,Example3,3,2,repair,1.2085728677597964
ALNS-B,Example4,4,0,destroy,2.0335685588194528
ALNS-B,Example4,4,0,repair,1.570921806832102
ALNS-B,Example4,4,1,destroy,2.2311987673448987
ALNS-B,Example4,4,1,repair,1.4360051877027078
ALNS-B,Example4,4,2,destroy,2.0644150793730596
ALNS-B,Example4,4,2,repair,1.565787763981314
ALNS-B,Example5,5,0,destroy,2.118084094975412
ALNS-B,Example5,5,0,repair,1.2160081548985928
ALNS-B,Example5,5,1,destroy,1.8822792048472319
ALNS-B,Example5,5,1,repair,1.3074447458380936
ALNS-B,Example5,5,2,destroy,2.009002792250589
ALNS-B,Example5,5,2,repair,1.3973197308986567
ALNS-B,Example6,6,0,destroy,2.03813618016132
ALNS-B,Example6,6,0,repair,1.5528710835480577
ALNS-B,Example6,6,1,destroy,2.120598930902454
ALNS-B,Example6,6,1,repair,1.5557022256755815
ALNS-B,Example6,6,2,destroy,1.9575465289435159
ALNS-B,Example6,6,2,repair,1.5779088680671205
ALNS-B,Example7,7,0,destroy,1.7311740304839938
ALNS-B,Example7,7,0,repair,1.3209711040904644
ALNS-B,Example7,7,1,destroy,1.058126901125297
ALNS-B,Example7,7,1,repair,0.8782660625923172
ALNS-B,Example7,7,2,destroy,1.7105242395186566
ALNS-B,Example7,7,2,repair,1.3208883431493221
ALNS-B,Example8,8,0,destroy,1.982306851703289
ALNS-B,Example8,8,0,repair,1.404131845717205
ALNS-B,Example8,8,1,destroy,1.9997061121344957
ALNS-B,Example8,8,1,repair,1.4041005838479335
ALNS-B,Example8,8,2,destroy,2.0283195446307842
ALNS-B,Example8,8,2,repair,1.4545561486449319
ALNS-B,Example9,9,0,destroy,1.3727655308924485
ALNS-B,Example9,9,0,repair,1.2056282324887189
ALNS-B,Example9,9,1,destroy,1.5112947083564419
ALNS-B,Example9,9,1,repair,1.3341863749329532
ALNS-B,Example9,9,2,destroy,1.933809998920632
ALNS-B,Example9,9,2,repair,1.194453006323357
ALNS-B,Example10,10,0,destroy,1.429724432106108
ALNS-B,Example10,10,0,repair,1.3658971854491524
ALNS-B,Example10,10,1,destroy,1.7768004158187787
ALNS-B,Example10,10,1,repair,1.0035440236314965
ALNS-B,Example10,10,2,destroy,2.095409618702327
ALNS-B,Example10,10,2,repair,1.291209434290213
ALNS-B,Example11,11,0,destroy,1.7708108600734516
ALNS-B,Example11,11,0,repair,1.1689635697733074
ALNS-B,Example11,11,1,destroy,2.2051551011994586
ALNS-B,Example11,11,1,repair,1.357140143848188
ALNS-B,Example11,11,2,destroy,1.8167055106888137
ALNS-B,Example11,11,2,repair,1.3391071172869515
ALNS-B,Example12,12,0,destroy,1.9683304358882798
ALNS-B,Example12,12,0,repair,1.3058982607822658
ALNS-B,Example12,12,1,destroy,2.1064474694884585
ALNS-B,Example12,12,1,repair,1.0761302839653792
ALNS-B,Example12,12,2,destroy,2.0395824750868132
ALNS-B,Example12,12,2,repair,1.4731084998441744
ALNS-B,Example13,13,0,destroy,1.703161782246058
ALNS-B,Example13,13,0,repair,1.343752133066827
ALNS-B,Example13,13,1,destroy,2.09239547159671
ALNS-B,Example13,13,1,repair,1.355161622109057
ALNS-B,Example13,13,2,destroy,1.9384650060354542
ALNS-B,Example13,13,2,repair,1.23478375688007
ALNS-B,Example14,14,0,destroy,2.3451059141743924
ALNS-B,Example14,14,0,repair,1.5180350357313424
ALNS-B,Example14,14,1,destroy,2.1714190672347082
ALNS-B,Example14,14,1,repair,1.426453274530046
ALNS-B,Example14,14,2,destroy,1.4890720164379005
ALNS-B,Example14,14,2,repair,1.2234220757790693
