algorithm,instance,seed,log_path,final_best_from_log,final_best_contributor_destroy,final_best_contributor_repair,n_iterations_in_log
ALNS-A,Example0,0,/Users/gab/Library/Mobile Documents/com~apple~CloudDocs/QuIST/ML/Optimization/Project 2/LNS_scheduling/benchmark_alns/alns_plain/20260227-153053/logs/00_Example0_seed0.log,0.0,destroy_worst_workers_30pct,repair_chuffed_long,29
ALNS-A,Example0,1,/Users/gab/Library/Mobile Documents/com~apple~CloudDocs/QuIST/ML/Optimization/Project 2/LNS_scheduling/benchmark_alns/alns_plain/20260227-153053/logs/00_Example0_seed1.log,0.0,destroy_streak_around_worst_worker,repair_gecode_long,44
ALNS-A,Example0,2,/Users/gab/Library/Mobile Documents/com~apple~CloudDocs/QuIST/ML/Optimization/Project 2/LNS_scheduling/benchmark_alns/alns_plain/20260227-153053/logs/00_Example0_seed2.log,0.0,destroy_random_workers_20pct,repair_chuffed_fast,15
ALNS-A,Example1,0,/Users/gab/Library/Mobile Documents/com~apple~CloudDocs/QuIST/ML/Optimization/Project 2/LNS_scheduling/benchmark_alns/alns_plain/20260227-153053/logs/01_Example1_seed0.log,0.0,destroy_random_days_20pct,repair_chuffed_fast,40
ALNS-A,Example1,1,/Users/gab/Library/Mobile Documents/com~apple~CloudDocs/QuIST/ML/Optimization/Project 2/LNS_scheduling/benchmark_alns/alns_plain/20260227-153053/logs/01_Example1_seed1.log,2.0,destroy_random_window_20pct,repair_gecode_fast,68
ALNS-A,Example1,2,/Users/gab/Library/Mobile Documents/com~apple~CloudDocs/QuIST/ML/Optimization/Project 2/LNS_scheduling/benchmark_alns/alns_plain/20260227-153053/logs/01_Example1_seed2.log,0.0,destroy_worst_workers_30pct,repair_gecode_fast,77
ALNS-A,Example2,0,/Users/gab/Library/Mobile Documents/com~apple~CloudDocs/QuIST/ML/Optimization/Project 2/LNS_scheduling/benchmark_alns/alns_plain/20260227-153053/logs/02_Example2_seed0.log,0.0,destroy_worst_days_30pct,repair_chuffed_fast,39
ALNS-A,Example2,1,/Users/gab/Library/Mobile Documents/com~apple~CloudDocs/QuIST/ML/Optimization/Project 2/LNS_scheduling/benchmark_alns/alns_plain/20260227-153053/logs/02_Example2_seed1.log,1.0,destroy_worst_workers_30pct,repair_chuffed_fast,96
ALNS-A,Example2,2,/Users/gab/Library/Mobile Documents/com~apple~CloudDocs/QuIST/ML/Optimization/Project 2/LNS_scheduling/benchmark_alns/alns_plain/20260227-153053/logs/02_Example2_seed2.log,0.0,destroy_random_window_20pct,repair_gecode_long,73
ALNS-A,Example3,0,/Users/gab/Library/Mobile Documents/com~apple~CloudDocs/QuIST/ML/Optimization/Project 2/LNS_scheduling/benchmark_alns/alns_plain/20260227-153053/logs/03_Example3_seed0.log,41.0,destroy_random_window_20pct,repair_gecode_fast,14
ALNS-A,Example3,1,/Users/gab/Library/Mobile Documents/com~apple~CloudDocs/QuIST/ML/Optimization/Project 2/LNS_scheduling/benchmark_alns/alns_plain/20260227-153053/logs/03_Example3_seed1.log,20.0,destroy_max_border_off,repair_gecode_long,32
ALNS-A,Example3,2,/Users/gab/Library/Mobile Documents/com~apple~CloudDocs/QuIST/ML/Optimization/Project 2/LNS_scheduling/benchmark_alns/alns_plain/20260227-153053/logs/03_Example3_seed2.log,14.0,destroy_random_window_20pct,repair_gecode_fast,31
ALNS-A,Example4,0,/Users/gab/Library/Mobile Documents/com~apple~CloudDocs/QuIST/ML/Optimization/Project 2/LNS_scheduling/benchmark_alns/alns_plain/20260227-153053/logs/04_Example4_seed0.log,3.0,destroy_random_window_20pct,repair_chuffed_fast,40
ALNS-A,Example4,1,/Users/gab/Library/Mobile Documents/com~apple~CloudDocs/QuIST/ML/Optimization/Project 2/LNS_scheduling/benchmark_alns/alns_plain/20260227-153053/logs/04_Example4_seed1.log,3.0,destroy_random_window_20pct,repair_gecode_fast,42
ALNS-A,Example4,2,/Users/gab/Library/Mobile Documents/com~apple~CloudDocs/QuIST/ML/Optimization/Project 2/LNS_scheduling/benchmark_alns/alns_plain/20260227-153053/logs/04_Example4_seed2.log,1.0,destroy_exploration,repair_exploration,39
ALNS-A,Example5,0,/Users/gab/Library/Mobile Documents/com~apple~CloudDocs/QuIST/ML/Optimization/Project 2/LNS_scheduling/benchmark_alns/alns_plain/20260227-153053/logs/05_Example5_seed0.log,5.0,destroy_random_window_20pct,repair_chuffed_long,54
ALNS-A,Example5,1,/Users/gab/Library/Mobile Documents/com~apple~CloudDocs/QuIST/ML/Optimization/Project 2/LNS_scheduling/benchmark_alns/alns_plain/20260227-153053/logs/05_Example5_seed1.log,2.0,destroy_random_window_20pct,repair_gecode_long,61
ALNS-A,Example5,2,/Users/gab/Library/Mobile Documents/com~apple~CloudDocs/QuIST/ML/Optimization/Project 2/LNS_scheduling/benchmark_alns/alns_plain/20260227-153053/logs/05_Example5_seed2.log,6.0,destroy_random_window_20pct,repair_gecode_fast,39
ALNS-A,Example6,0,/Users/gab/Library/Mobile Documents/com~apple~CloudDocs/QuIST/ML/Optimization/Project 2/LNS_scheduling/benchmark_alns/alns_plain/20260227-153053/logs/06_Example6_seed0.log,1.0,destroy_worst_workers_30pct,repair_gecode_long,145
ALNS-A,Example6,1,/Users/gab/Library/Mobile Documents/com~apple~CloudDocs/QuIST/ML/Optimization/Project 2/LNS_scheduling/benchmark_alns/alns_plain/20260227-153053/logs/06_Example6_seed1.log,1.0,destroy_worst_workers_30pct,repair_chuffed_fast,133
ALNS-A,Example6,2,/Users/gab/Library/Mobile Documents/com~apple~CloudDocs/QuIST/ML/Optimization/Project 2/LNS_scheduling/benchmark_alns/alns_plain/20260227-153053/logs/06_Example6_seed2.log,0.0,destroy_worst_workers_30pct,repair_chuffed_fast,82
ALNS-A,Example7,0,/Users/gab/Library/Mobile Documents/com~apple~CloudDocs/QuIST/ML/Optimization/Project 2/LNS_scheduling/benchmark_alns/alns_plain/20260227-153053/logs/07_Example7_seed0.log,82.0,destroy_max_border_off,repair_gecode_long,22
ALNS-A,Example7,1,/Users/gab/Library/Mobile Documents/com~apple~CloudDocs/QuIST/ML/Optimization/Project 2/LNS_scheduling/benchmark_alns/alns_plain/20260227-153053/logs/07_Example7_seed1.log,136.0,destroy_max_border_off,repair_gecode_fast,23
ALNS-A,Example7,2,/Users/gab/Library/Mobile Documents/com~apple~CloudDocs/QuIST/ML/Optimization/Project 2/LNS_scheduling/benchmark_alns/alns_plain/20260227-153053/logs/07_Example7_seed2.log,83.0,destroy_max_border_off,repair_chuffed_long,24
ALNS-A,Example8,0,/Users/gab/Library/Mobile Documents/com~apple~CloudDocs/QuIST/ML/Optimization/Project 2/LNS_scheduling/benchmark_alns/alns_plain/20260227-153053/logs/08_Example8_seed0.log,9.0,destroy_random_workers_20pct,repair_gecode_long,34
ALNS-A,Example8,1,/Users/gab/Library/Mobile Documents/com~apple~CloudDocs/QuIST/ML/Optimization/Project 2/LNS_scheduling/benchmark_alns/alns_plain/20260227-153053/logs/08_Example8_seed1.log,8.0,destroy_random_window_20pct,repair_chuffed_long,45
ALNS-A,Example8,2,/Users/gab/Library/Mobile Documents/com~apple~CloudDocs/QuIST/ML/Optimization/Project 2/LNS_scheduling/benchmark_alns/alns_plain/20260227-153053/logs/08_Example8_seed2.log,5.0,destroy_random_window_20pct,repair_gecode_long,36
ALNS-A,Example9,0,/Users/gab/Library/Mobile Documents/com~apple~CloudDocs/QuIST/ML/Optimization/Project 2/LNS_scheduling/benchmark_alns/alns_plain/20260227-153053/logs/09_Example9_seed0.log,155.0,destroy_exploration,repair_exploration,21
ALNS-A,Example9,1,/Users/gab/Library/Mobile Documents/com~apple~CloudDocs/QuIST/ML/Optimization/Project 2/LNS_scheduling/benchmark_alns/alns_plain/20260227-153053/logs/09_Example9_seed1.log,115.0,destroy_exploration,repair_exploration,18
ALNS-A,Example9,2,/Users/gab/Library/Mobile Documents/com~apple~CloudDocs/QuIST/ML/Optimization/Project 2/LNS_scheduling/benchmark_alns/alns_plain/20260227-153053/logs/09_Example9_seed2.log,90.0,destroy_all_forbidden_sequences,repair_gecode_fast,15
ALNS-A,Example10,0,/Users/gab/Library/Mobile Documents/com~apple~CloudDocs/QuIST/ML/Optimization/Project 2/LNS_scheduling/benchmark_alns/alns_plain/20260227-153053/logs/10_Example10_seed0.log,68.0,destroy_max_border_off,repair_chuffed_long,28
ALNS-A,Example10,1,/Users/gab/Library/Mobile Documents/com~apple~CloudDocs/QuIST/ML/Optimization/Project 2/LNS_scheduling/benchmark_alns/alns_plain/20260227-153053/logs/10_Example10_seed1.log,51.0,destroy_max_border_off,repair_chuffed_long,33
ALNS-A,Example10,2,/Users/gab/Library/Mobile Documents/com~apple~CloudDocs/QuIST/ML/Optimization/Project 2/LNS_scheduling/benchmark_alns/alns_plain/20260227-153053/logs/10_Example10_seed2.log,27.0,destroy_all_forbidden_sequences,repair_gecode_fast,21
ALNS-A,Example11,0,/Users/gab/Library/Mobile Documents/com~apple~CloudDocs/QuIST/ML/Optimization/Project 2/LNS_scheduling/benchmark_alns/alns_plain/20260227-153053/logs/11_Example11_seed0.log,49.0,destroy_random_window_20pct,repair_gecode_long,27
ALNS-A,Example11,1,/Users/gab/Library/Mobile Documents/com~apple~CloudDocs/QuIST/ML/Optimization/Project 2/LNS_scheduling/benchmark_alns/alns_plain/20260227-153053/logs/11_Example11_seed1.log,54.0,destroy_max_border_off,repair_gecode_fast,19
ALNS-A,Example11,2,/Users/gab/Library/Mobile Documents/com~apple~CloudDocs/QuIST/ML/Optimization/Project 2/LNS_scheduling/benchmark_alns/alns_plain/20260227-153053/logs/11_Example11_seed2.log,34.0,destroy_max_border_shift_2,repair_gecode_fast,28
ALNS-A,Example12,0,/Users/gab/Library/Mobile Documents/com~apple~CloudDocs/QuIST/ML/Optimization/Project 2/LNS_scheduling/benchmark_alns/alns_plain/20260227-153053/logs/12_Example12_seed0.log,32.0,destroy_max_border_off,repair_chuffed_fast,32
ALNS-A,Example12,1,/Users/gab/Library/Mobile Documents/com~apple~CloudDocs/QuIST/ML/Optimization/Project 2/LNS_scheduling/benchmark_alns/alns_plain/20260227-153053/logs/12_Example12_seed1.log,12.0,destroy_worst_workers_10pct,repair_gecode_fast,32
ALNS-A,Example12,2,/Users/gab/Library/Mobile Documents/com~apple~CloudDocs/QuIST/ML/Optimization/Project 2/LNS_scheduling/benchmark_alns/alns_plain/20260227-153053/logs/12_Example12_seed2.log,35.0,destroy_random_window_20pct,repair_gecode_fast,36
ALNS-A,Example13,0,/Users/gab/Library/Mobile Documents/com~apple~CloudDocs/QuIST/ML/Optimization/Project 2/LNS_scheduling/benchmark_alns/alns_plain/20260227-153053/logs/13_Example13_seed0.log,27.0,destroy_max_border_off,repair_chuffed_fast,27
ALNS-A,Example13,1,/Users/gab/Library/Mobile Documents/com~apple~CloudDocs/QuIST/ML/Optimization/Project 2/LNS_scheduling/benchmark_alns/alns_plain/20260227-153053/logs/13_Example13_seed1.log,40.0,destroy_max_border_off,repair_chuffed_long,25
ALNS-A,Example13,2,/Users/gab/Library/Mobile Documents/com~apple~CloudDocs/QuIST/ML/Optimization/Project 2/LNS_scheduling/benchmark_alns/alns_plain/20260227-153053/logs/13_Example13_seed2.log,23.0,destroy_max_border_off,repair_gecode_fast,21
ALNS-A,Example14,0,/Users/gab/Library/Mobile Documents/com~apple~CloudDocs/QuIST/ML/Optimization/Project 2/LNS_scheduling/benchmark_alns/alns_plain/20260227-153053/logs/14_Example14_seed0.log,5.0,destroy_random_window_20pct,repair_gecode_fast,26
ALNS-A,Example14,1,/Users/gab/Library/Mobile Documents/com~apple~CloudDocs/QuIST/ML/Optimization/Project 2/LNS_scheduling/benchmark_alns/alns_plain/20260227-153053/logs/14_Example14_seed1.log,6.0,destroy_random_window_20pct,repair_gecode_long,43
ALNS-A,Example14,2,/Users/gab/Library/Mobile Documents/com~apple~CloudDocs/QuIST/ML/Optimization/Project 2/LNS_scheduling/benchmark_alns/alns_plain/20260227-153053/logs/14_Example14_seed2.log,5.0,destroy_random_window_20pct,repair_chuffed_long,43
ALNS-B,Example0,0,/Users/gab/Library/Mobile Documents/com~apple~CloudDocs/QuIST/ML/Optimization/Project 2/LNS_scheduling/benchmark_alns/alns_late_phase/20260227-153053/logs/00_Example0_seed0.log,0.0,destroy_streak_around_worst_worker,repair_chuffed_fast,32
ALNS-B,Example0,1,/Users/gab/Library/Mobile Documents/com~apple~CloudDocs/QuIST/ML/Optimization/Project 2/LNS_scheduling/benchmark_alns/alns_late_phase/20260227-153053/logs/00_Example0_seed1.log,0.0,destroy_streak_around_worst_worker,repair_gecode_fast,91
ALNS-B,Example0,2,/Users/gab/Library/Mobile Documents/com~apple~CloudDocs/QuIST/ML/Optimization/Project 2/LNS_scheduling/benchmark_alns/alns_late_phase/20260227-153053/logs/00_Example0_seed2.log,0.0,destroy_streak_around_worst_worker,repair_chuffed_fast,64
ALNS-B,Example1,0,/Users/gab/Library/Mobile Documents/com~apple~CloudDocs/QuIST/ML/Optimization/Project 2/LNS_scheduling/benchmark_alns/alns_late_phase/20260227-153053/logs/01_Example1_seed0.log,0.0,destroy_worst_days_10pct,repair_chuffed_long,50
ALNS-B,Example1,1,/Users/gab/Library/Mobile Documents/com~apple~CloudDocs/QuIST/ML/Optimization/Project 2/LNS_scheduling/benchmark_alns/alns_late_phase/20260227-153053/logs/01_Example1_seed1.log,4.0,destroy_exploration,repair_exploration,79
ALNS-B,Example1,2,/Users/gab/Library/Mobile Documents/com~apple~CloudDocs/QuIST/ML/Optimization/Project 2/LNS_scheduling/benchmark_alns/alns_late_phase/20260227-153053/logs/01_Example1_seed2.log,3.0,destroy_exploration,repair_exploration,84
ALNS-B,Example2,0,/Users/gab/Library/Mobile Documents/com~apple~CloudDocs/QuIST/ML/Optimization/Project 2/LNS_scheduling/benchmark_alns/alns_late_phase/20260227-153053/logs/02_Example2_seed0.log,0.0,destroy_streak_around_worst_worker,repair_gecode_fast,7
ALNS-B,Example2,1,/Users/gab/Library/Mobile Documents/com~apple~CloudDocs/QuIST/ML/Optimization/Project 2/LNS_scheduling/benchmark_alns/alns_late_phase/20260227-153053/logs/02_Example2_seed1.log,0.0,destroy_worst_days_10pct,repair_chuffed_fast,12
ALNS-B,Example2,2,/Users/gab/Library/Mobile Documents/com~apple~CloudDocs/QuIST/ML/Optimization/Project 2/LNS_scheduling/benchmark_alns/alns_late_phase/20260227-153053/logs/02_Example2_seed2.log,1.0,destroy_worst_days_10pct,repair_chuffed_long,80
ALNS-B,Example3,0,/Users/gab/Library/Mobile Documents/com~apple~CloudDocs/QuIST/ML/Optimization/Project 2/LNS_scheduling/benchmark_alns/alns_late_phase/20260227-153053/logs/03_Example3_seed0.log,41.0,destroy_random_window_20pct,repair_gecode_fast,14
ALNS-B,Example3,1,/Users/gab/Library/Mobile Documents/com~apple~CloudDocs/QuIST/ML/Optimization/Project 2/LNS_scheduling/benchmark_alns/alns_late_phase/20260227-153053/logs/03_Example3_seed1.log,25.0,destroy_exploration,repair_exploration,16
ALNS-B,Example3,2,/Users/gab/Library/Mobile Documents/com~apple~CloudDocs/QuIST/ML/Optimization/Project 2/LNS_scheduling/benchmark_alns/alns_late_phase/20260227-153053/logs/03_Example3_seed2.log,12.0,destroy_all_forbidden_sequences,repair_chuffed_fast,38
ALNS-B,Example4,0,/Users/gab/Library/Mobile Documents/com~apple~CloudDocs/QuIST/ML/Optimization/Project 2/LNS_scheduling/benchmark_alns/alns_late_phase/20260227-153053/logs/04_Example4_seed0.log,2.0,destroy_worst_days_10pct,repair_chuffed_long,57
ALNS-B,Example4,1,/Users/gab/Library/Mobile Documents/com~apple~CloudDocs/QuIST/ML/Optimization/Project 2/LNS_scheduling/benchmark_alns/alns_late_phase/20260227-153053/logs/04_Example4_seed1.log,4.0,destroy_worst_days_10pct,repair_chuffed_long,59
ALNS-B,Example4,2,/Users/gab/Library/Mobile Documents/com~apple~CloudDocs/QuIST/ML/Optimization/Project 2/LNS_scheduling/benchmark_alns/alns_late_phase/20260227-153053/logs/04_Example4_seed2.log,3.0,destroy_worst_days_10pct,repair_chuffed_long,72
ALNS-B,Example5,0,/Users/gab/Library/Mobile Documents/com~apple~CloudDocs/QuIST/ML/Optimization/Project 2/LNS_scheduling/benchmark_alns/alns_late_phase/20260227-153053/logs/05_Example5_seed0.log,5.0,destroy_streak_around_worst_worker,repair_chuffed_long,43
ALNS-B,Example5,1,/Users/gab/Library/Mobile Documents/com~apple~CloudDocs/QuIST/ML/Optimization/Project 2/LNS_scheduling/benchmark_alns/alns_late_phase/20260227-153053/logs/05_Example5_seed1.log,3.0,destroy_worst_days_10pct,repair_chuffed_fast,59
ALNS-B,Example5,2,/Users/gab/Library/Mobile Documents/com~apple~CloudDocs/QuIST/ML/Optimization/Project 2/LNS_scheduling/benchmark_alns/alns_late_phase/20260227-153053/logs/05_Example5_seed2.log,5.0,destroy_exploration,repair_exploration,37
ALNS-B,Example6,0,/Users/gab/Library/Mobile Documents/com~apple~CloudDocs/QuIST/ML/Optimization/Project 2/LNS_scheduling/benchmark_alns/alns_late_phase/20260227-153053/logs/06_Example6_seed0.log,4.0,destroy_exploration,repair_exploration,68
ALNS-B,Example6,1,/Users/gab/Library/Mobile Documents/com~apple~CloudDocs/QuIST/ML/Optimization/Project 2/LNS_scheduling/benchmark_alns/alns_late_phase/20260227-153053/logs/06_Example6_seed1.log,4.0,destroy_exploration,repair_exploration,121
ALNS-B,Example6,2,/Users/gab/Library/Mobile Documents/com~apple~CloudDocs/QuIST/ML/Optimization/Project 2/LNS_scheduling/benchmark_alns/alns_late_phase/20260227-153053/logs/06_Example6_seed2.log,1.0,destroy_exploration,repair_exploration,122
ALNS-B,Example7,0,/Users/gab/Library/Mobile Documents/com~apple~CloudDocs/QuIST/ML/Optimization/Project 2/LNS_scheduling/benchmark_alns/alns_late_phase/20260227-153053/logs/07_Example7_seed0.log,83.0,destroy_max_border_off,repair_gecode_long,22
ALNS-B,Example7,1,/Users/gab/Library/Mobile Documents/com~apple~CloudDocs/QuIST/ML/Optimization/Project 2/LNS_scheduling/benchmark_alns/alns_late_phase/20260227-153053/logs/07_Example7_seed1.log,202.0,destroy_max_border_off,repair_gecode_fast,36
ALNS-B,Example7,2,/Users/gab/Library/Mobile Documents/com~apple~CloudDocs/QuIST/ML/Optimization/Project 2/LNS_scheduling/benchmark_alns/alns_late_phase/20260227-153053/logs/07_Example7_seed2.log,86.0,destroy_max_border_off,repair_chuffed_long,24
ALNS-B,Example8,0,/Users/gab/Library/Mobile Documents/com~apple~CloudDocs/QuIST/ML/Optimization/Project 2/LNS_scheduling/benchmark_alns/alns_late_phase/20260227-153053/logs/08_Example8_seed0.log,2.0,destroy_worst_workers_10pct,repair_chuffed_long,68
ALNS-B,Example8,1,/Users/gab/Library/Mobile Documents/com~apple~CloudDocs/QuIST/ML/Optimization/Project 2/LNS_scheduling/benchmark_alns/alns_late_phase/20260227-153053/logs/08_Example8_seed1.log,7.0,destroy_worst_days_10pct,repair_chuffed_long,33
ALNS-B,Example8,2,/Users/gab/Library/Mobile Documents/com~apple~CloudDocs/QuIST/ML/Optimization/Project 2/LNS_scheduling/benchmark_alns/alns_late_phase/20260227-153053/logs/08_Example8_seed2.log,10.0,destroy_worst_workers_10pct,repair_chuffed_long,28
ALNS-B,Example9,0,/Users/gab/Library/Mobile Documents/com~apple~CloudDocs/QuIST/ML/Optimization/Project 2/LNS_scheduling/benchmark_alns/alns_late_phase/20260227-153053/logs/09_Example9_seed0.log,156.0,destroy_max_border_off,repair_chuffed_fast,20
ALNS-B,Example9,1,/Users/gab/Library/Mobile Documents/com~apple~CloudDocs/QuIST/ML/Optimization/Project 2/LNS_scheduling/benchmark_alns/alns_late_phase/20260227-153053/logs/09_Example9_seed1.log,119.0,destroy_exploration,repair_exploration,19
ALNS-B,Example9,2,/Users/gab/Library/Mobile Documents/com~apple~CloudDocs/QuIST/ML/Optimization/Project 2/LNS_scheduling/benchmark_alns/alns_late_phase/20260227-153053/logs/09_Example9_seed2.log,106.0,destroy_all_forbidden_sequences,repair_gecode_fast,15
ALNS-B,Example10,0,/Users/gab/Library/Mobile Documents/com~apple~CloudDocs/QuIST/ML/Optimization/Project 2/LNS_scheduling/benchmark_alns/alns_late_phase/20260227-153053/logs/10_Example10_seed0.log,119.0,destroy_max_border_off,repair_chuffed_fast,22
ALNS-B,Example10,1,/Users/gab/Library/Mobile Documents/com~apple~CloudDocs/QuIST/ML/Optimization/Project 2/LNS_scheduling/benchmark_alns/alns_late_phase/20260227-153053/logs/10_Example10_seed1.log,93.0,destroy_max_border_off,repair_chuffed_fast,26
ALNS-B,Example10,2,/Users/gab/Library/Mobile Documents/com~apple~CloudDocs/QuIST/ML/Optimization/Project 2/LNS_scheduling/benchmark_alns/alns_late_phase/20260227-153053/logs/10_Example10_seed2.log,27.0,destroy_all_forbidden_sequences,repair_gecode_fast,21
ALNS-B,Example11,0,/Users/gab/Library/Mobile Documents/com~apple~CloudDocs/QuIST/ML/Optimization/Project 2/LNS_scheduling/benchmark_alns/alns_late_phase/20260227-153053/logs/11_Example11_seed0.log,54.0,destroy_max_border_off,repair_gecode_fast,29
ALNS-B,Example11,1,/Users/gab/Library/Mobile Documents/com~apple~CloudDocs/QuIST/ML/Optimization/Project 2/LNS_scheduling/benchmark_alns/alns_late_phase/20260227-153053/logs/11_Example11_seed1.log,54.0,destroy_max_border_off,repair_gecode_fast,19
ALNS-B,Example11,2,/Users/gab/Library/Mobile Documents/com~apple~CloudDocs/QuIST/ML/Optimization/Project 2/LNS_scheduling/benchmark_alns/alns_late_phase/20260227-153053/logs/11_Example11_seed2.log,34.0,destroy_max_border_shift_2,repair_gecode_fast,28
ALNS-B,Example12,0,/Users/gab/Library/Mobile Documents/com~apple~CloudDocs/QuIST/ML/Optimization/Project 2/LNS_scheduling/benchmark_alns/alns_late_phase/20260227-153053/logs/12_Example12_seed0.log,24.0,destroy_random_window_20pct,repair_gecode_fast,33
ALNS-B,Example12,1,/Users/gab/Library/Mobile Documents/com~apple~CloudDocs/QuIST/ML/Optimization/Project 2/LNS_scheduling/benchmark_alns/alns_late_phase/20260227-153053/logs/12_Example12_seed1.log,8.0,destroy_worst_days_10pct,repair_gecode_fast,35
ALNS-B,Example12,2,/Users/gab/Library/Mobile Documents/com~apple~CloudDocs/QuIST/ML/Optimization/Project 2/LNS_scheduling/benchmark_alns/alns_late_phase/20260227-153053/logs/12_Example12_seed2.log,44.0,destroy_random_window_20pct,repair_gecode_fast,23
ALNS-B,Example13,0,/Users/gab/Library/Mobile Documents/com~apple~CloudDocs/QuIST/ML/Optimization/Project 2/LNS_scheduling/benchmark_alns/alns_late_phase/20260227-153053/logs/13_Example13_seed0.log,27.0,destroy_max_border_off,repair_chuffed_fast,27
ALNS-B,Example13,1,/Users/gab/Library/Mobile Documents/com~apple~CloudDocs/QuIST/ML/Optimization/Project 2/LNS_scheduling/benchmark_alns/alns_late_phase/20260227-153053/logs/13_Example13_seed1.log,39.0,destroy_max_border_off,repair_chuffed_long,25
ALNS-B,Example13,2,/Users/gab/Library/Mobile Documents/com~apple~CloudDocs/QuIST/ML/Optimization/Project 2/LNS_scheduling/benchmark_alns/alns_late_phase/20260227-153053/logs/13_Example13_seed2.log,23.0,destroy_max_border_off,repair_gecode_fast,21
ALNS-B,Example14,0,/Users/gab/Library/Mobile Documents/com~apple~CloudDocs/QuIST/ML/Optimization/Project 2/LNS_scheduling/benchmark_alns/alns_late_phase/20260227-153053/logs/14_Example14_seed0.log,7.0,destroy_exploration,repair_exploration,28
ALNS-B,Example14,1,/Users/gab/Library/Mobile Documents/com~apple~CloudDocs/QuIST/ML/Optimization/Project 2/LNS_scheduling/benchmark_alns/alns_late_phase/20260227-153053/logs/14_Example14_seed1.log,5.0,destroy_exploration,repair_exploration,41
ALNS-B,Example14,2,/Users/gab/Library/Mobile Documents/com~apple~CloudDocs/QuIST/ML/Optimization/Project 2/LNS_scheduling/benchmark_alns/alns_late_phase/20260227-153053/logs/14_Example14_seed2.log,2.0,destroy_worst_workers_10pct,repair_gecode_fast,45
